               epoch,      train/box_loss,      train/obj_loss,      train/cls_loss,   metrics/precision,      metrics/recall,     metrics/mAP_0.5,metrics/mAP_0.5:0.95,        val/box_loss,        val/obj_loss,        val/cls_loss,               x/lr0,               x/lr1,               x/lr2
                   0,             0.11097,            0.058122,            0.051396,           0.0063205,              0.4844,           0.0087516,           0.0021499,            0.099091,            0.054891,            0.047552,              0.0847,              0.0017,              0.0017
                   1,            0.092316,            0.061229,            0.042658,             0.84177,             0.10282,            0.045118,            0.012992,            0.089053,            0.055812,             0.03516,            0.068431,           0.0034307,           0.0034307
                   2,             0.08076,            0.056541,            0.033936,             0.46673,             0.23708,            0.055107,            0.018182,            0.086891,            0.056973,            0.028644,             0.05209,           0.0050901,           0.0050901
                   3,            0.076883,            0.051435,            0.028925,             0.71576,             0.16197,             0.12664,            0.052716,            0.075163,            0.051874,             0.02538,            0.035678,           0.0066783,           0.0066783
